,order,sample_name,original_sample,Site,library_tag_combo,Tag,file1,file2,pri_index_name,pri_index_seq,sec_index_start,vol_actual_uL,PCR2.date,sample_type,locus,primerF_seq,primerR_seq,tag_number,tag_sequence,experiment,vol_product_unclean_uL,vol_clean_input,vol_clean_elute_uL,vol_clean_total_uL,vol_removed_gel_uL,vol_removed_qubit_uL,vol_removed_BA,vol_remain_uL,conc_DNA_sample_ng.uL,mass_DNA_total_ng,fragment_size_BA,conc_DNA_BA_nguL,mass_DNA_pooled_ng,vol_pooled_undiluted_uL,Amount.Needed..ul..for.Kappa.Kit......1ng.
1,NA,TW20170311A.1,TW20170311A,Twanoh,Lib_G_Tag_8,8,Good-lib9_S7_L001_R1_001.fastq,Good-lib9_S7_L001_R2_001.fastq,9,ACTTGA,4,NA,NA,eDNA,COI,GGWACWGGWTGAACWGTWTAYCCYCC,TANACYTCNGGRTGNCCRAARAAYCA,8,CTCGCA,OA_eDNA,NA,NA,NA,NA,NA,NA,NA,NA,NA,NA,NA,NA,NA,1.4,NA
2,NA,TW20170311B.1,TW20170311B,Twanoh,Lib_D_Tag_13,13,Good-lib4_S4_L001_R1_001.fastq,Good-lib4_S4_L001_R2_001.fastq,4,GCCAAT,4,NA,NA,eDNA,COI,GGWACWGGWTGAACWGTWTAYCCYCC,TANACYTCNGGRTGNCCRAARAAYCA,13,ATCAGT,OA_eDNA,NA,NA,NA,NA,NA,NA,NA,NA,NA,NA,NA,NA,NA,0.4,NA
3,NA,TW20170311C.1,TW20170311C,Twanoh,Lib_F_Tag_9,9,Good-lib6_S6_L001_R1_001.fastq,Good-lib6_S6_L001_R2_001.fastq,6,CTTGTA,4,NA,NA,eDNA,COI,GGWACWGGWTGAACWGTWTAYCCYCC,TANACYTCNGGRTGNCCRAARAAYCA,9,TCGCAT,OA_eDNA,NA,NA,NA,NA,NA,NA,NA,NA,NA,NA,NA,NA,NA,0.4,NA
4,NA,PO20170311A.1,PO20170311A,Potlach,Lib_B_Tag_2,2,Good-lib2_S2_L001_R1_001.fastq,Good-lib2_S2_L001_R2_001.fastq,2,TGACCA,4,NA,NA,eDNA,COI,GGWACWGGWTGAACWGTWTAYCCYCC,TANACYTCNGGRTGNCCRAARAAYCA,2,ACAGCA,OA_eDNA,NA,NA,NA,NA,NA,NA,NA,NA,NA,NA,NA,NA,NA,0.5,NA
5,NA,PO20170311B.1,PO20170311B,Potlach,Lib_A_Tag_7,7,Good-lib1_S1_L001_R1_001.fastq,Good-lib1_S1_L001_R2_001.fastq,1,CGATGT,4,NA,NA,eDNA,COI,GGWACWGGWTGAACWGTWTAYCCYCC,TANACYTCNGGRTGNCCRAARAAYCA,7,ATATCG,OA_eDNA,NA,NA,NA,NA,NA,NA,NA,NA,NA,NA,NA,NA,NA,0.4,NA
6,NA,PO20170311C.1,PO20170311C,Potlach,Lib_E_Tag_12,12,Good-lib5_S5_L001_R1_001.fastq,Good-lib5_S5_L001_R2_001.fastq,5,CAGATC,4,NA,NA,eDNA,COI,GGWACWGGWTGAACWGTWTAYCCYCC,TANACYTCNGGRTGNCCRAARAAYCA,12,GATGAC,OA_eDNA,NA,NA,NA,NA,NA,NA,NA,NA,NA,NA,NA,NA,NA,0.3,NA
7,NA,LL20170311A.1,LL20170311A,Lilliwaup,Lib_C_Tag_13,13,Good-lib3_S3_L001_R1_001.fastq,Good-lib3_S3_L001_R2_001.fastq,3,ACAGTG,4,NA,NA,eDNA,COI,GGWACWGGWTGAACWGTWTAYCCYCC,TANACYTCNGGRTGNCCRAARAAYCA,13,ATCAGT,OA_eDNA,NA,NA,NA,NA,NA,NA,NA,NA,NA,NA,NA,NA,NA,0.4,NA
8,NA,LL20170311B.1,LL20170311B,Lilliwaup,Lib_C_Tag_5,5,Good-lib3_S3_L001_R1_001.fastq,Good-lib3_S3_L001_R2_001.fastq,3,ACAGTG,4,NA,NA,eDNA,COI,GGWACWGGWTGAACWGTWTAYCCYCC,TANACYTCNGGRTGNCCRAARAAYCA,5,ACATGT,OA_eDNA,NA,NA,NA,NA,NA,NA,NA,NA,NA,NA,NA,NA,NA,2.6,NA
9,NA,PO20170312D.1,PO20170312D,Potlach,Lib_G_Tag_13,13,Good-lib9_S7_L001_R1_001.fastq,Good-lib9_S7_L001_R2_001.fastq,9,ACTTGA,4,NA,NA,eDNA,COI,GGWACWGGWTGAACWGTWTAYCCYCC,TANACYTCNGGRTGNCCRAARAAYCA,13,ATCAGT,OA_eDNA,NA,NA,NA,NA,NA,NA,NA,NA,NA,NA,NA,NA,NA,1.2,NA
10,NA,PO20170312E.1,PO20170312E,Potlach,Lib_E_Tag_7,7,Good-lib5_S5_L001_R1_001.fastq,Good-lib5_S5_L001_R2_001.fastq,5,CAGATC,4,NA,NA,eDNA,COI,GGWACWGGWTGAACWGTWTAYCCYCC,TANACYTCNGGRTGNCCRAARAAYCA,7,ATATCG,OA_eDNA,NA,NA,NA,NA,NA,NA,NA,NA,NA,NA,NA,NA,NA,0.6,NA
11,NA,TW20170311F.1,TW20170311F,Twanoh,Lib_B_Tag_6,6,Good-lib2_S2_L001_R1_001.fastq,Good-lib2_S2_L001_R2_001.fastq,2,TGACCA,4,NA,NA,eDNA,COI,GGWACWGGWTGAACWGTWTAYCCYCC,TANACYTCNGGRTGNCCRAARAAYCA,6,ACGACG,OA_eDNA,NA,NA,NA,NA,NA,NA,NA,NA,NA,NA,NA,NA,NA,0.6,NA
12,NA,PO20170311D.1,PO20170311D,Potlach,Lib_D_Tag_7,7,Good-lib4_S4_L001_R1_001.fastq,Good-lib4_S4_L001_R2_001.fastq,4,GCCAAT,4,NA,NA,eDNA,COI,GGWACWGGWTGAACWGTWTAYCCYCC,TANACYTCNGGRTGNCCRAARAAYCA,7,ATATCG,OA_eDNA,NA,NA,NA,NA,NA,NA,NA,NA,NA,NA,NA,NA,NA,0.8,NA
13,NA,PO20170311E.1,PO20170311E,Potlach,Lib_C_Tag_7,7,Good-lib3_S3_L001_R1_001.fastq,Good-lib3_S3_L001_R2_001.fastq,3,ACAGTG,4,NA,NA,eDNA,COI,GGWACWGGWTGAACWGTWTAYCCYCC,TANACYTCNGGRTGNCCRAARAAYCA,7,ATATCG,OA_eDNA,NA,NA,NA,NA,NA,NA,NA,NA,NA,NA,NA,NA,NA,0.8,NA
14,NA,PO20170311F.1,PO20170311F,Potlach,Lib_A_Tag_1,1,Good-lib1_S1_L001_R1_001.fastq,Good-lib1_S1_L001_R2_001.fastq,1,CGATGT,4,NA,NA,eDNA,COI,GGWACWGGWTGAACWGTWTAYCCYCC,TANACYTCNGGRTGNCCRAARAAYCA,1,ACACAC,OA_eDNA,NA,NA,NA,NA,NA,NA,NA,NA,NA,NA,NA,NA,NA,0.7,NA
15,NA,LL20170311D.1,LL20170311D,Lilliwaup,Lib_F_Tag_7,7,Good-lib6_S6_L001_R1_001.fastq,Good-lib6_S6_L001_R2_001.fastq,6,CTTGTA,4,NA,NA,eDNA,COI,GGWACWGGWTGAACWGTWTAYCCYCC,TANACYTCNGGRTGNCCRAARAAYCA,7,ATATCG,OA_eDNA,NA,NA,NA,NA,NA,NA,NA,NA,NA,NA,NA,NA,NA,0.8,NA
16,NA,LL20170311E.1,LL20170311E,Lilliwaup,Lib_A_Tag_8,8,Good-lib1_S1_L001_R1_001.fastq,Good-lib1_S1_L001_R2_001.fastq,1,CGATGT,4,NA,NA,eDNA,COI,GGWACWGGWTGAACWGTWTAYCCYCC,TANACYTCNGGRTGNCCRAARAAYCA,8,CTCGCA,OA_eDNA,NA,NA,NA,NA,NA,NA,NA,NA,NA,NA,NA,NA,NA,0.5,NA
17,NA,LL20170311F.1,LL20170311F,Lilliwaup,Lib_F_Tag_11,11,Good-lib6_S6_L001_R1_001.fastq,Good-lib6_S6_L001_R2_001.fastq,6,CTTGTA,4,NA,NA,eDNA,COI,GGWACWGGWTGAACWGTWTAYCCYCC,TANACYTCNGGRTGNCCRAARAAYCA,11,GCAGTG,OA_eDNA,NA,NA,NA,NA,NA,NA,NA,NA,NA,NA,NA,NA,NA,0.5,NA
18,NA,LL20170312A.1,LL20170312A,Lilliwaup,Lib_F_Tag_2,2,Good-lib6_S6_L001_R1_001.fastq,Good-lib6_S6_L001_R2_001.fastq,6,CTTGTA,4,NA,NA,eDNA,COI,GGWACWGGWTGAACWGTWTAYCCYCC,TANACYTCNGGRTGNCCRAARAAYCA,2,ACAGCA,OA_eDNA,NA,NA,NA,NA,NA,NA,NA,NA,NA,NA,NA,NA,NA,0.7,NA
19,NA,LL20170312B.1,LL20170312B,Lilliwaup,Lib_D_Tag_10,10,Good-lib4_S4_L001_R1_001.fastq,Good-lib4_S4_L001_R2_001.fastq,4,GCCAAT,4,NA,NA,eDNA,COI,GGWACWGGWTGAACWGTWTAYCCYCC,TANACYTCNGGRTGNCCRAARAAYCA,10,TGTATG,OA_eDNA,NA,NA,NA,NA,NA,NA,NA,NA,NA,NA,NA,NA,NA,0.8,NA
20,NA,PO20170312F.1,PO20170312F,Potlach,Lib_E_Tag_15,15,Good-lib5_S5_L001_R1_001.fastq,Good-lib5_S5_L001_R2_001.fastq,5,CAGATC,4,NA,NA,eDNA,COI,GGWACWGGWTGAACWGTWTAYCCYCC,TANACYTCNGGRTGNCCRAARAAYCA,15,CGACGC,OA_eDNA,NA,NA,NA,NA,NA,NA,NA,NA,NA,NA,NA,NA,NA,0.5,NA
21,NA,PO20170312A.1,PO20170312A,Potlach,Lib_E_Tag_8,8,Good-lib5_S5_L001_R1_001.fastq,Good-lib5_S5_L001_R2_001.fastq,5,CAGATC,4,NA,NA,eDNA,COI,GGWACWGGWTGAACWGTWTAYCCYCC,TANACYTCNGGRTGNCCRAARAAYCA,8,CTCGCA,OA_eDNA,NA,NA,NA,NA,NA,NA,NA,NA,NA,NA,NA,NA,NA,0.7,NA
22,NA,PO20170312B.1,PO20170312B,Potlach,Lib_F_Tag_8,8,Good-lib6_S6_L001_R1_001.fastq,Good-lib6_S6_L001_R2_001.fastq,6,CTTGTA,4,NA,NA,eDNA,COI,GGWACWGGWTGAACWGTWTAYCCYCC,TANACYTCNGGRTGNCCRAARAAYCA,8,CTCGCA,OA_eDNA,NA,NA,NA,NA,NA,NA,NA,NA,NA,NA,NA,NA,NA,0.7,NA
23,NA,PO20170312C.1,PO20170312C,Potlach,Lib_B_Tag_14,14,Good-lib2_S2_L001_R1_001.fastq,Good-lib2_S2_L001_R2_001.fastq,2,TGACCA,4,NA,NA,eDNA,COI,GGWACWGGWTGAACWGTWTAYCCYCC,TANACYTCNGGRTGNCCRAARAAYCA,14,TCGTCA,OA_eDNA,NA,NA,NA,NA,NA,NA,NA,NA,NA,NA,NA,NA,NA,1.1,NA
24,NA,TW20170312A.1,TW20170312A,Twanoh,Lib_F_Tag_6,6,Good-lib6_S6_L001_R1_001.fastq,Good-lib6_S6_L001_R2_001.fastq,6,CTTGTA,4,NA,NA,eDNA,COI,GGWACWGGWTGAACWGTWTAYCCYCC,TANACYTCNGGRTGNCCRAARAAYCA,6,ACGACG,OA_eDNA,NA,NA,NA,NA,NA,NA,NA,NA,NA,NA,NA,NA,NA,0.6,NA
25,NA,TW20170312B.1,TW20170312B,Twanoh,Lib_C_Tag_3,3,Good-lib3_S3_L001_R1_001.fastq,Good-lib3_S3_L001_R2_001.fastq,3,ACAGTG,4,NA,NA,eDNA,COI,GGWACWGGWTGAACWGTWTAYCCYCC,TANACYTCNGGRTGNCCRAARAAYCA,3,GTCTCT,OA_eDNA,NA,NA,NA,NA,NA,NA,NA,NA,NA,NA,NA,NA,NA,1.2,NA
26,NA,TW20170312C.1,TW20170312C,Twanoh,Lib_F_Tag_12,12,Good-lib6_S6_L001_R1_001.fastq,Good-lib6_S6_L001_R2_001.fastq,6,CTTGTA,4,NA,NA,eDNA,COI,GGWACWGGWTGAACWGTWTAYCCYCC,TANACYTCNGGRTGNCCRAARAAYCA,12,GATGAC,OA_eDNA,NA,NA,NA,NA,NA,NA,NA,NA,NA,NA,NA,NA,NA,1.5,NA
27,NA,LL20170312D.1,LL20170312D,Lilliwaup,Lib_B_Tag_10,10,Good-lib2_S2_L001_R1_001.fastq,Good-lib2_S2_L001_R2_001.fastq,2,TGACCA,4,NA,NA,eDNA,COI,GGWACWGGWTGAACWGTWTAYCCYCC,TANACYTCNGGRTGNCCRAARAAYCA,10,TGTATG,OA_eDNA,NA,NA,NA,NA,NA,NA,NA,NA,NA,NA,NA,NA,NA,34.8,NA
28,NA,LL20170312E.1,LL20170312E,Lilliwaup,Lib_F_Tag_15,15,Good-lib6_S6_L001_R1_001.fastq,Good-lib6_S6_L001_R2_001.fastq,6,CTTGTA,4,NA,NA,eDNA,COI,GGWACWGGWTGAACWGTWTAYCCYCC,TANACYTCNGGRTGNCCRAARAAYCA,15,CGACGC,OA_eDNA,NA,NA,NA,NA,NA,NA,NA,NA,NA,NA,NA,NA,NA,1.4,NA
29,NA,LL20170312F.1,LL20170312F,Lilliwaup,Lib_F_Tag_1,1,Good-lib6_S6_L001_R1_001.fastq,Good-lib6_S6_L001_R2_001.fastq,6,CTTGTA,4,NA,NA,eDNA,COI,GGWACWGGWTGAACWGTWTAYCCYCC,TANACYTCNGGRTGNCCRAARAAYCA,1,ACACAC,OA_eDNA,NA,NA,NA,NA,NA,NA,NA,NA,NA,NA,NA,NA,NA,2.8,NA
30,NA,TW20170312D.1,TW20170312D,Twanoh,Lib_E_Tag_10,10,Good-lib5_S5_L001_R1_001.fastq,Good-lib5_S5_L001_R2_001.fastq,5,CAGATC,4,NA,NA,eDNA,COI,GGWACWGGWTGAACWGTWTAYCCYCC,TANACYTCNGGRTGNCCRAARAAYCA,10,TGTATG,OA_eDNA,NA,NA,NA,NA,NA,NA,NA,NA,NA,NA,NA,NA,NA,11.6,NA
31,NA,TW20170312E.1,TW20170312E,Twanoh,Lib_C_Tag_1,1,Good-lib3_S3_L001_R1_001.fastq,Good-lib3_S3_L001_R2_001.fastq,3,ACAGTG,4,NA,NA,eDNA,COI,GGWACWGGWTGAACWGTWTAYCCYCC,TANACYTCNGGRTGNCCRAARAAYCA,1,ACACAC,OA_eDNA,NA,NA,NA,NA,NA,NA,NA,NA,NA,NA,NA,NA,NA,8.5,NA
32,NA,TW20170312F.1,TW20170312F,Twanoh,Lib_E_Tag_9,9,Good-lib5_S5_L001_R1_001.fastq,Good-lib5_S5_L001_R2_001.fastq,5,CAGATC,4,NA,NA,eDNA,COI,GGWACWGGWTGAACWGTWTAYCCYCC,TANACYTCNGGRTGNCCRAARAAYCA,9,TCGCAT,OA_eDNA,NA,NA,NA,NA,NA,NA,NA,NA,NA,NA,NA,NA,NA,0.5,NA
33,NA,TW20170311A.2,TW20170311A,Twanoh,Lib_D_Tag_11,11,Good-lib4_S4_L001_R1_001.fastq,Good-lib4_S4_L001_R2_001.fastq,4,GCCAAT,4,NA,NA,eDNA,COI,GGWACWGGWTGAACWGTWTAYCCYCC,TANACYTCNGGRTGNCCRAARAAYCA,11,GCAGTG,OA_eDNA,NA,NA,NA,NA,NA,NA,NA,NA,NA,NA,NA,NA,NA,0.8,NA
34,NA,TW20170311B.2,TW20170311B,Twanoh,Lib_A_Tag_5,5,Good-lib1_S1_L001_R1_001.fastq,Good-lib1_S1_L001_R2_001.fastq,1,CGATGT,4,NA,NA,eDNA,COI,GGWACWGGWTGAACWGTWTAYCCYCC,TANACYTCNGGRTGNCCRAARAAYCA,5,ACATGT,OA_eDNA,NA,NA,NA,NA,NA,NA,NA,NA,NA,NA,NA,NA,NA,0.8,NA
35,NA,TW20170311C.2,TW20170311C,Twanoh,Lib_G_Tag_2,2,Good-lib9_S7_L001_R1_001.fastq,Good-lib9_S7_L001_R2_001.fastq,9,ACTTGA,4,NA,NA,eDNA,COI,GGWACWGGWTGAACWGTWTAYCCYCC,TANACYTCNGGRTGNCCRAARAAYCA,2,ACAGCA,OA_eDNA,NA,NA,NA,NA,NA,NA,NA,NA,NA,NA,NA,NA,NA,1.3,NA
36,NA,PO20170311A.2,PO20170311A,Potlach,Lib_F_Tag_10,10,Good-lib6_S6_L001_R1_001.fastq,Good-lib6_S6_L001_R2_001.fastq,6,CTTGTA,4,NA,NA,eDNA,COI,GGWACWGGWTGAACWGTWTAYCCYCC,TANACYTCNGGRTGNCCRAARAAYCA,10,TGTATG,OA_eDNA,NA,NA,NA,NA,NA,NA,NA,NA,NA,NA,NA,NA,NA,1.5,NA
37,NA,PO20170311B.2,PO20170311B,Potlach,Lib_C_Tag_11,11,Good-lib3_S3_L001_R1_001.fastq,Good-lib3_S3_L001_R2_001.fastq,3,ACAGTG,4,NA,NA,eDNA,COI,GGWACWGGWTGAACWGTWTAYCCYCC,TANACYTCNGGRTGNCCRAARAAYCA,11,GCAGTG,OA_eDNA,NA,NA,NA,NA,NA,NA,NA,NA,NA,NA,NA,NA,NA,1.5,NA
38,NA,PO20170311C.2,PO20170311C,Potlach,Lib_A_Tag_9,9,Good-lib1_S1_L001_R1_001.fastq,Good-lib1_S1_L001_R2_001.fastq,1,CGATGT,4,NA,NA,eDNA,COI,GGWACWGGWTGAACWGTWTAYCCYCC,TANACYTCNGGRTGNCCRAARAAYCA,9,TCGCAT,OA_eDNA,NA,NA,NA,NA,NA,NA,NA,NA,NA,NA,NA,NA,NA,1.1,NA
39,NA,LL20170311A.2,LL20170311A,Lilliwaup,Lib_D_Tag_1,1,Good-lib4_S4_L001_R1_001.fastq,Good-lib4_S4_L001_R2_001.fastq,4,GCCAAT,4,NA,NA,eDNA,COI,GGWACWGGWTGAACWGTWTAYCCYCC,TANACYTCNGGRTGNCCRAARAAYCA,1,ACACAC,OA_eDNA,NA,NA,NA,NA,NA,NA,NA,NA,NA,NA,NA,NA,NA,1.3,NA
40,NA,LL20170311B.2,LL20170311B,Lilliwaup,Lib_G_Tag_11,11,Good-lib9_S7_L001_R1_001.fastq,Good-lib9_S7_L001_R2_001.fastq,9,ACTTGA,4,NA,NA,eDNA,COI,GGWACWGGWTGAACWGTWTAYCCYCC,TANACYTCNGGRTGNCCRAARAAYCA,11,GCAGTG,OA_eDNA,NA,NA,NA,NA,NA,NA,NA,NA,NA,NA,NA,NA,NA,0.8,NA
41,NA,PO20170312D.2,PO20170312D,Potlach,Lib_D_Tag_12,12,Good-lib4_S4_L001_R1_001.fastq,Good-lib4_S4_L001_R2_001.fastq,4,GCCAAT,4,NA,NA,eDNA,COI,GGWACWGGWTGAACWGTWTAYCCYCC,TANACYTCNGGRTGNCCRAARAAYCA,12,GATGAC,OA_eDNA,NA,NA,NA,NA,NA,NA,NA,NA,NA,NA,NA,NA,NA,17.8,NA
42,NA,PO20170312E.2,PO20170312E,Potlach,Lib_G_Tag_14,14,Good-lib9_S7_L001_R1_001.fastq,Good-lib9_S7_L001_R2_001.fastq,9,ACTTGA,4,NA,NA,eDNA,COI,GGWACWGGWTGAACWGTWTAYCCYCC,TANACYTCNGGRTGNCCRAARAAYCA,14,TCGTCA,OA_eDNA,NA,NA,NA,NA,NA,NA,NA,NA,NA,NA,NA,NA,NA,1.3,NA
43,NA,TW20170311F.2,TW20170311F,Twanoh,Lib_A_Tag_12,12,Good-lib1_S1_L001_R1_001.fastq,Good-lib1_S1_L001_R2_001.fastq,1,CGATGT,4,NA,NA,eDNA,COI,GGWACWGGWTGAACWGTWTAYCCYCC,TANACYTCNGGRTGNCCRAARAAYCA,12,GATGAC,OA_eDNA,NA,NA,NA,NA,NA,NA,NA,NA,NA,NA,NA,NA,NA,1.1,NA
44,NA,PO20170311D.2,PO20170311D,Potlach,Lib_C_Tag_14,14,Good-lib3_S3_L001_R1_001.fastq,Good-lib3_S3_L001_R2_001.fastq,3,ACAGTG,4,NA,NA,eDNA,COI,GGWACWGGWTGAACWGTWTAYCCYCC,TANACYTCNGGRTGNCCRAARAAYCA,14,TCGTCA,OA_eDNA,NA,NA,NA,NA,NA,NA,NA,NA,NA,NA,NA,NA,NA,1.3,NA
45,NA,PO20170311E.2,PO20170311E,Potlach,Lib_E_Tag_1,1,Good-lib5_S5_L001_R1_001.fastq,Good-lib5_S5_L001_R2_001.fastq,5,CAGATC,4,NA,NA,eDNA,COI,GGWACWGGWTGAACWGTWTAYCCYCC,TANACYTCNGGRTGNCCRAARAAYCA,1,ACACAC,OA_eDNA,NA,NA,NA,NA,NA,NA,NA,NA,NA,NA,NA,NA,NA,1.2,NA
46,NA,PO20170311F.2,PO20170311F,Potlach,Lib_B_Tag_1,1,Good-lib2_S2_L001_R1_001.fastq,Good-lib2_S2_L001_R2_001.fastq,2,TGACCA,4,NA,NA,eDNA,COI,GGWACWGGWTGAACWGTWTAYCCYCC,TANACYTCNGGRTGNCCRAARAAYCA,1,ACACAC,OA_eDNA,NA,NA,NA,NA,NA,NA,NA,NA,NA,NA,NA,NA,NA,1.1,NA
47,NA,LL20170311D.2,LL20170311D,Lilliwaup,Lib_G_Tag_4,4,Good-lib9_S7_L001_R1_001.fastq,Good-lib9_S7_L001_R2_001.fastq,9,ACTTGA,4,NA,NA,eDNA,COI,GGWACWGGWTGAACWGTWTAYCCYCC,TANACYTCNGGRTGNCCRAARAAYCA,4,GCGCTC,OA_eDNA,NA,NA,NA,NA,NA,NA,NA,NA,NA,NA,NA,NA,NA,0.9,NA
48,NA,LL20170311E.2,LL20170311E,Lilliwaup,Lib_A_Tag_2,2,Good-lib1_S1_L001_R1_001.fastq,Good-lib1_S1_L001_R2_001.fastq,1,CGATGT,4,NA,NA,eDNA,COI,GGWACWGGWTGAACWGTWTAYCCYCC,TANACYTCNGGRTGNCCRAARAAYCA,2,ACAGCA,OA_eDNA,NA,NA,NA,NA,NA,NA,NA,NA,NA,NA,NA,NA,NA,0.7,NA
49,NA,LL20170311F.2,LL20170311F,Lilliwaup,Lib_G_Tag_15,15,Good-lib9_S7_L001_R1_001.fastq,Good-lib9_S7_L001_R2_001.fastq,9,ACTTGA,4,NA,NA,eDNA,COI,GGWACWGGWTGAACWGTWTAYCCYCC,TANACYTCNGGRTGNCCRAARAAYCA,15,CGACGC,OA_eDNA,NA,NA,NA,NA,NA,NA,NA,NA,NA,NA,NA,NA,NA,0.7,NA
50,NA,LL20170312A.2,LL20170312A,Lilliwaup,Lib_G_Tag_7,7,Good-lib9_S7_L001_R1_001.fastq,Good-lib9_S7_L001_R2_001.fastq,9,ACTTGA,4,NA,NA,eDNA,COI,GGWACWGGWTGAACWGTWTAYCCYCC,TANACYTCNGGRTGNCCRAARAAYCA,7,ATATCG,OA_eDNA,NA,NA,NA,NA,NA,NA,NA,NA,NA,NA,NA,NA,NA,1.1,NA
51,NA,LL20170312B.2,LL20170312B,Lilliwaup,Lib_B_Tag_5,5,Good-lib2_S2_L001_R1_001.fastq,Good-lib2_S2_L001_R2_001.fastq,2,TGACCA,4,NA,NA,eDNA,COI,GGWACWGGWTGAACWGTWTAYCCYCC,TANACYTCNGGRTGNCCRAARAAYCA,5,ACATGT,OA_eDNA,NA,NA,NA,NA,NA,NA,NA,NA,NA,NA,NA,NA,NA,1,NA
52,NA,PO20170312F.2,PO20170312F,Potlach,Lib_D_Tag_4,4,Good-lib4_S4_L001_R1_001.fastq,Good-lib4_S4_L001_R2_001.fastq,4,GCCAAT,4,NA,NA,eDNA,COI,GGWACWGGWTGAACWGTWTAYCCYCC,TANACYTCNGGRTGNCCRAARAAYCA,4,GCGCTC,OA_eDNA,NA,NA,NA,NA,NA,NA,NA,NA,NA,NA,NA,NA,NA,3,NA
53,NA,PO20170312A.2,PO20170312A,Potlach,Lib_C_Tag_9,9,Good-lib3_S3_L001_R1_001.fastq,Good-lib3_S3_L001_R2_001.fastq,3,ACAGTG,4,NA,NA,eDNA,COI,GGWACWGGWTGAACWGTWTAYCCYCC,TANACYTCNGGRTGNCCRAARAAYCA,9,TCGCAT,OA_eDNA,NA,NA,NA,NA,NA,NA,NA,NA,NA,NA,NA,NA,NA,1.7,NA
54,NA,PO20170312B.2,PO20170312B,Potlach,Lib_C_Tag_2,2,Good-lib3_S3_L001_R1_001.fastq,Good-lib3_S3_L001_R2_001.fastq,3,ACAGTG,4,NA,NA,eDNA,COI,GGWACWGGWTGAACWGTWTAYCCYCC,TANACYTCNGGRTGNCCRAARAAYCA,2,ACAGCA,OA_eDNA,NA,NA,NA,NA,NA,NA,NA,NA,NA,NA,NA,NA,NA,1.8,NA
55,NA,PO20170312C.2,PO20170312C,Potlach,Lib_G_Tag_12,12,Good-lib9_S7_L001_R1_001.fastq,Good-lib9_S7_L001_R2_001.fastq,9,ACTTGA,4,NA,NA,eDNA,COI,GGWACWGGWTGAACWGTWTAYCCYCC,TANACYTCNGGRTGNCCRAARAAYCA,12,GATGAC,OA_eDNA,NA,NA,NA,NA,NA,NA,NA,NA,NA,NA,NA,NA,NA,2.8,NA
56,NA,TW20170312A.2,TW20170312A,Twanoh,Lib_C_Tag_12,12,Good-lib3_S3_L001_R1_001.fastq,Good-lib3_S3_L001_R2_001.fastq,3,ACAGTG,4,NA,NA,eDNA,COI,GGWACWGGWTGAACWGTWTAYCCYCC,TANACYTCNGGRTGNCCRAARAAYCA,12,GATGAC,OA_eDNA,NA,NA,NA,NA,NA,NA,NA,NA,NA,NA,NA,NA,NA,0.8,NA
57,NA,TW20170312B.2,TW20170312B,Twanoh,Lib_D_Tag_8,8,Good-lib4_S4_L001_R1_001.fastq,Good-lib4_S4_L001_R2_001.fastq,4,GCCAAT,4,NA,NA,eDNA,COI,GGWACWGGWTGAACWGTWTAYCCYCC,TANACYTCNGGRTGNCCRAARAAYCA,8,CTCGCA,OA_eDNA,NA,NA,NA,NA,NA,NA,NA,NA,NA,NA,NA,NA,NA,0.9,NA
58,NA,TW20170312C.2,TW20170312C,Twanoh,Lib_G_Tag_3,3,Good-lib9_S7_L001_R1_001.fastq,Good-lib9_S7_L001_R2_001.fastq,9,ACTTGA,4,NA,NA,eDNA,COI,GGWACWGGWTGAACWGTWTAYCCYCC,TANACYTCNGGRTGNCCRAARAAYCA,3,GTCTCT,OA_eDNA,NA,NA,NA,NA,NA,NA,NA,NA,NA,NA,NA,NA,NA,0.5,NA
59,NA,LL20170312D.2,LL20170312D,Lilliwaup,Lib_D_Tag_14,14,Good-lib4_S4_L001_R1_001.fastq,Good-lib4_S4_L001_R2_001.fastq,4,GCCAAT,4,NA,NA,eDNA,COI,GGWACWGGWTGAACWGTWTAYCCYCC,TANACYTCNGGRTGNCCRAARAAYCA,14,TCGTCA,OA_eDNA,NA,NA,NA,NA,NA,NA,NA,NA,NA,NA,NA,NA,NA,0.7,NA
60,NA,LL20170312E.2,LL20170312E,Lilliwaup,Lib_B_Tag_7,7,Good-lib2_S2_L001_R1_001.fastq,Good-lib2_S2_L001_R2_001.fastq,2,TGACCA,4,NA,NA,eDNA,COI,GGWACWGGWTGAACWGTWTAYCCYCC,TANACYTCNGGRTGNCCRAARAAYCA,7,ATATCG,OA_eDNA,NA,NA,NA,NA,NA,NA,NA,NA,NA,NA,NA,NA,NA,0.6,NA
61,NA,LL20170312F.2,LL20170312F,Lilliwaup,Lib_G_Tag_5,5,Good-lib9_S7_L001_R1_001.fastq,Good-lib9_S7_L001_R2_001.fastq,9,ACTTGA,4,NA,NA,eDNA,COI,GGWACWGGWTGAACWGTWTAYCCYCC,TANACYTCNGGRTGNCCRAARAAYCA,5,ACATGT,OA_eDNA,NA,NA,NA,NA,NA,NA,NA,NA,NA,NA,NA,NA,NA,0.6,NA
62,NA,TW20170312D.2,TW20170312D,Twanoh,Lib_G_Tag_10,10,Good-lib9_S7_L001_R1_001.fastq,Good-lib9_S7_L001_R2_001.fastq,9,ACTTGA,4,NA,NA,eDNA,COI,GGWACWGGWTGAACWGTWTAYCCYCC,TANACYTCNGGRTGNCCRAARAAYCA,10,TGTATG,OA_eDNA,NA,NA,NA,NA,NA,NA,NA,NA,NA,NA,NA,NA,NA,0.6,NA
63,NA,TW20170312E.2,TW20170312E,Twanoh,Lib_F_Tag_5,5,Good-lib6_S6_L001_R1_001.fastq,Good-lib6_S6_L001_R2_001.fastq,6,CTTGTA,4,NA,NA,eDNA,COI,GGWACWGGWTGAACWGTWTAYCCYCC,TANACYTCNGGRTGNCCRAARAAYCA,5,ACATGT,OA_eDNA,NA,NA,NA,NA,NA,NA,NA,NA,NA,NA,NA,NA,NA,0.6,NA
64,NA,TW20170312F.2,TW20170312F,Twanoh,Lib_A_Tag_14,14,Good-lib1_S1_L001_R1_001.fastq,Good-lib1_S1_L001_R2_001.fastq,1,CGATGT,4,NA,NA,eDNA,COI,GGWACWGGWTGAACWGTWTAYCCYCC,TANACYTCNGGRTGNCCRAARAAYCA,14,TCGTCA,OA_eDNA,NA,NA,NA,NA,NA,NA,NA,NA,NA,NA,NA,NA,NA,0.8,NA
65,NA,TW20170311A.3,TW20170311A,Twanoh,Lib_F_Tag_4,4,Good-lib6_S6_L001_R1_001.fastq,Good-lib6_S6_L001_R2_001.fastq,6,CTTGTA,4,NA,NA,eDNA,COI,GGWACWGGWTGAACWGTWTAYCCYCC,TANACYTCNGGRTGNCCRAARAAYCA,4,GCGCTC,OA_eDNA,NA,NA,NA,NA,NA,NA,NA,NA,NA,NA,NA,NA,NA,0.5,NA
66,NA,TW20170311B.3,TW20170311B,Twanoh,Lib_B_Tag_4,4,Good-lib2_S2_L001_R1_001.fastq,Good-lib2_S2_L001_R2_001.fastq,2,TGACCA,4,NA,NA,eDNA,COI,GGWACWGGWTGAACWGTWTAYCCYCC,TANACYTCNGGRTGNCCRAARAAYCA,4,GCGCTC,OA_eDNA,NA,NA,NA,NA,NA,NA,NA,NA,NA,NA,NA,NA,NA,0.7,NA
67,NA,TW20170311C.3,TW20170311C,Twanoh,Lib_C_Tag_4,4,Good-lib3_S3_L001_R1_001.fastq,Good-lib3_S3_L001_R2_001.fastq,3,ACAGTG,4,NA,NA,eDNA,COI,GGWACWGGWTGAACWGTWTAYCCYCC,TANACYTCNGGRTGNCCRAARAAYCA,4,GCGCTC,OA_eDNA,NA,NA,NA,NA,NA,NA,NA,NA,NA,NA,NA,NA,NA,0.6,NA
68,NA,PO20170311A.3,PO20170311A,Potlach,Lib_A_Tag_6,6,Good-lib1_S1_L001_R1_001.fastq,Good-lib1_S1_L001_R2_001.fastq,1,CGATGT,4,NA,NA,eDNA,COI,GGWACWGGWTGAACWGTWTAYCCYCC,TANACYTCNGGRTGNCCRAARAAYCA,6,ACGACG,OA_eDNA,NA,NA,NA,NA,NA,NA,NA,NA,NA,NA,NA,NA,NA,0.8,NA
69,NA,PO20170311B.3,PO20170311B,Potlach,Lib_G_Tag_9,9,Good-lib9_S7_L001_R1_001.fastq,Good-lib9_S7_L001_R2_001.fastq,9,ACTTGA,4,NA,NA,eDNA,COI,GGWACWGGWTGAACWGTWTAYCCYCC,TANACYTCNGGRTGNCCRAARAAYCA,9,TCGCAT,OA_eDNA,NA,NA,NA,NA,NA,NA,NA,NA,NA,NA,NA,NA,NA,0.6,NA
70,NA,PO20170311C.3,PO20170311C,Potlach,Lib_A_Tag_15,15,Good-lib1_S1_L001_R1_001.fastq,Good-lib1_S1_L001_R2_001.fastq,1,CGATGT,4,NA,NA,eDNA,COI,GGWACWGGWTGAACWGTWTAYCCYCC,TANACYTCNGGRTGNCCRAARAAYCA,15,CGACGC,OA_eDNA,NA,NA,NA,NA,NA,NA,NA,NA,NA,NA,NA,NA,NA,0.5,NA
71,NA,LL20170311A.3,LL20170311A,Lilliwaup,Lib_B_Tag_3,3,Good-lib2_S2_L001_R1_001.fastq,Good-lib2_S2_L001_R2_001.fastq,2,TGACCA,4,NA,NA,eDNA,COI,GGWACWGGWTGAACWGTWTAYCCYCC,TANACYTCNGGRTGNCCRAARAAYCA,3,GTCTCT,OA_eDNA,NA,NA,NA,NA,NA,NA,NA,NA,NA,NA,NA,NA,NA,0.8,NA
72,NA,LL20170311B.3,LL20170311B,Lilliwaup,Lib_E_Tag_6,6,Good-lib5_S5_L001_R1_001.fastq,Good-lib5_S5_L001_R2_001.fastq,5,CAGATC,4,NA,NA,eDNA,COI,GGWACWGGWTGAACWGTWTAYCCYCC,TANACYTCNGGRTGNCCRAARAAYCA,6,ACGACG,OA_eDNA,NA,NA,NA,NA,NA,NA,NA,NA,NA,NA,NA,NA,NA,0.6,NA
73,NA,PO20170312D.3,PO20170312D,Potlach,Lib_G_Tag_6,6,Good-lib9_S7_L001_R1_001.fastq,Good-lib9_S7_L001_R2_001.fastq,9,ACTTGA,4,NA,NA,eDNA,COI,GGWACWGGWTGAACWGTWTAYCCYCC,TANACYTCNGGRTGNCCRAARAAYCA,6,ACGACG,OA_eDNA,NA,NA,NA,NA,NA,NA,NA,NA,NA,NA,NA,NA,NA,0.4,NA
74,NA,PO20170312E.3,PO20170312E,Potlach,Lib_E_Tag_4,4,Good-lib5_S5_L001_R1_001.fastq,Good-lib5_S5_L001_R2_001.fastq,5,CAGATC,4,NA,NA,eDNA,COI,GGWACWGGWTGAACWGTWTAYCCYCC,TANACYTCNGGRTGNCCRAARAAYCA,4,GCGCTC,OA_eDNA,NA,NA,NA,NA,NA,NA,NA,NA,NA,NA,NA,NA,NA,0.6,NA
75,NA,TW20170311F.3,TW20170311F,Twanoh,Lib_E_Tag_3,3,Good-lib5_S5_L001_R1_001.fastq,Good-lib5_S5_L001_R2_001.fastq,5,CAGATC,4,NA,NA,eDNA,COI,GGWACWGGWTGAACWGTWTAYCCYCC,TANACYTCNGGRTGNCCRAARAAYCA,3,GTCTCT,OA_eDNA,NA,NA,NA,NA,NA,NA,NA,NA,NA,NA,NA,NA,NA,0.7,NA
76,NA,PO20170311D.3,PO20170311D,Potlach,Lib_F_Tag_13,13,Good-lib6_S6_L001_R1_001.fastq,Good-lib6_S6_L001_R2_001.fastq,6,CTTGTA,4,NA,NA,eDNA,COI,GGWACWGGWTGAACWGTWTAYCCYCC,TANACYTCNGGRTGNCCRAARAAYCA,13,ATCAGT,OA_eDNA,NA,NA,NA,NA,NA,NA,NA,NA,NA,NA,NA,NA,NA,0.5,NA
77,NA,PO20170311E.3,PO20170311E,Potlach,Lib_B_Tag_11,11,Good-lib2_S2_L001_R1_001.fastq,Good-lib2_S2_L001_R2_001.fastq,2,TGACCA,4,NA,NA,eDNA,COI,GGWACWGGWTGAACWGTWTAYCCYCC,TANACYTCNGGRTGNCCRAARAAYCA,11,GCAGTG,OA_eDNA,NA,NA,NA,NA,NA,NA,NA,NA,NA,NA,NA,NA,NA,0.7,NA
78,NA,PO20170311F.3,PO20170311F,Potlach,Lib_D_Tag_5,5,Good-lib4_S4_L001_R1_001.fastq,Good-lib4_S4_L001_R2_001.fastq,4,GCCAAT,4,NA,NA,eDNA,COI,GGWACWGGWTGAACWGTWTAYCCYCC,TANACYTCNGGRTGNCCRAARAAYCA,5,ACATGT,OA_eDNA,NA,NA,NA,NA,NA,NA,NA,NA,NA,NA,NA,NA,NA,0.7,NA
79,NA,LL20170311D.3,LL20170311D,Lilliwaup,Lib_G_Tag_1,1,Good-lib9_S7_L001_R1_001.fastq,Good-lib9_S7_L001_R2_001.fastq,9,ACTTGA,4,NA,NA,eDNA,COI,GGWACWGGWTGAACWGTWTAYCCYCC,TANACYTCNGGRTGNCCRAARAAYCA,1,ACACAC,OA_eDNA,NA,NA,NA,NA,NA,NA,NA,NA,NA,NA,NA,NA,NA,0.7,NA
80,NA,LL20170311E.3,LL20170311E,Lilliwaup,Lib_B_Tag_8,8,Good-lib2_S2_L001_R1_001.fastq,Good-lib2_S2_L001_R2_001.fastq,2,TGACCA,4,NA,NA,eDNA,COI,GGWACWGGWTGAACWGTWTAYCCYCC,TANACYTCNGGRTGNCCRAARAAYCA,8,CTCGCA,OA_eDNA,NA,NA,NA,NA,NA,NA,NA,NA,NA,NA,NA,NA,NA,0.5,NA
81,NA,LL20170311F.3,LL20170311F,Lilliwaup,Lib_D_Tag_15,15,Good-lib4_S4_L001_R1_001.fastq,Good-lib4_S4_L001_R2_001.fastq,4,GCCAAT,4,NA,NA,eDNA,COI,GGWACWGGWTGAACWGTWTAYCCYCC,TANACYTCNGGRTGNCCRAARAAYCA,15,CGACGC,OA_eDNA,NA,NA,NA,NA,NA,NA,NA,NA,NA,NA,NA,NA,NA,0.4,NA
82,NA,LL20170312A.3,LL20170312A,Lilliwaup,Lib_B_Tag_12,12,Good-lib2_S2_L001_R1_001.fastq,Good-lib2_S2_L001_R2_001.fastq,2,TGACCA,4,NA,NA,eDNA,COI,GGWACWGGWTGAACWGTWTAYCCYCC,TANACYTCNGGRTGNCCRAARAAYCA,12,GATGAC,OA_eDNA,NA,NA,NA,NA,NA,NA,NA,NA,NA,NA,NA,NA,NA,0.7,NA
83,NA,LL20170312B.3,LL20170312B,Lilliwaup,Lib_E_Tag_5,5,Good-lib5_S5_L001_R1_001.fastq,Good-lib5_S5_L001_R2_001.fastq,5,CAGATC,4,NA,NA,eDNA,COI,GGWACWGGWTGAACWGTWTAYCCYCC,TANACYTCNGGRTGNCCRAARAAYCA,5,ACATGT,OA_eDNA,NA,NA,NA,NA,NA,NA,NA,NA,NA,NA,NA,NA,NA,0.8,NA
84,NA,PO20170312F.3,PO20170312F,Potlach,Lib_A_Tag_3,3,Good-lib1_S1_L001_R1_001.fastq,Good-lib1_S1_L001_R2_001.fastq,1,CGATGT,4,NA,NA,eDNA,COI,GGWACWGGWTGAACWGTWTAYCCYCC,TANACYTCNGGRTGNCCRAARAAYCA,3,GTCTCT,OA_eDNA,NA,NA,NA,NA,NA,NA,NA,NA,NA,NA,NA,NA,NA,1,NA
85,NA,PO20170312A.3,PO20170312A,Potlach,Lib_E_Tag_11,11,Good-lib5_S5_L001_R1_001.fastq,Good-lib5_S5_L001_R2_001.fastq,5,CAGATC,4,NA,NA,eDNA,COI,GGWACWGGWTGAACWGTWTAYCCYCC,TANACYTCNGGRTGNCCRAARAAYCA,11,GCAGTG,OA_eDNA,NA,NA,NA,NA,NA,NA,NA,NA,NA,NA,NA,NA,NA,0.7,NA
86,NA,PO20170312B.3,PO20170312B,Potlach,Lib_D_Tag_2,2,Good-lib4_S4_L001_R1_001.fastq,Good-lib4_S4_L001_R2_001.fastq,4,GCCAAT,4,NA,NA,eDNA,COI,GGWACWGGWTGAACWGTWTAYCCYCC,TANACYTCNGGRTGNCCRAARAAYCA,2,ACAGCA,OA_eDNA,NA,NA,NA,NA,NA,NA,NA,NA,NA,NA,NA,NA,NA,0.7,NA
87,NA,PO20170312C.3,PO20170312C,Potlach,Lib_D_Tag_3,3,Good-lib4_S4_L001_R1_001.fastq,Good-lib4_S4_L001_R2_001.fastq,4,GCCAAT,4,NA,NA,eDNA,COI,GGWACWGGWTGAACWGTWTAYCCYCC,TANACYTCNGGRTGNCCRAARAAYCA,3,GTCTCT,OA_eDNA,NA,NA,NA,NA,NA,NA,NA,NA,NA,NA,NA,NA,NA,0.7,NA
88,NA,TW20170312A.3,TW20170312A,Twanoh,Lib_B_Tag_13,13,Good-lib2_S2_L001_R1_001.fastq,Good-lib2_S2_L001_R2_001.fastq,2,TGACCA,4,NA,NA,eDNA,COI,GGWACWGGWTGAACWGTWTAYCCYCC,TANACYTCNGGRTGNCCRAARAAYCA,13,ATCAGT,OA_eDNA,NA,NA,NA,NA,NA,NA,NA,NA,NA,NA,NA,NA,NA,0.6,NA
89,NA,TW20170312B.3,TW20170312B,Twanoh,Lib_D_Tag_6,6,Good-lib4_S4_L001_R1_001.fastq,Good-lib4_S4_L001_R2_001.fastq,4,GCCAAT,4,NA,NA,eDNA,COI,GGWACWGGWTGAACWGTWTAYCCYCC,TANACYTCNGGRTGNCCRAARAAYCA,6,ACGACG,OA_eDNA,NA,NA,NA,NA,NA,NA,NA,NA,NA,NA,NA,NA,NA,0.9,NA
90,NA,TW20170312C.3,TW20170312C,Twanoh,Lib_A_Tag_10,10,Good-lib1_S1_L001_R1_001.fastq,Good-lib1_S1_L001_R2_001.fastq,1,CGATGT,4,NA,NA,eDNA,COI,GGWACWGGWTGAACWGTWTAYCCYCC,TANACYTCNGGRTGNCCRAARAAYCA,10,TGTATG,OA_eDNA,NA,NA,NA,NA,NA,NA,NA,NA,NA,NA,NA,NA,NA,0.9,NA
91,NA,LL20170312D.3,LL20170312D,Lilliwaup,Lib_C_Tag_10,10,Good-lib3_S3_L001_R1_001.fastq,Good-lib3_S3_L001_R2_001.fastq,3,ACAGTG,4,NA,NA,eDNA,COI,GGWACWGGWTGAACWGTWTAYCCYCC,TANACYTCNGGRTGNCCRAARAAYCA,10,TGTATG,OA_eDNA,NA,NA,NA,NA,NA,NA,NA,NA,NA,NA,NA,NA,NA,0.3,NA
92,NA,LL20170312E.3,LL20170312E,Lilliwaup,Lib_C_Tag_6,6,Good-lib3_S3_L001_R1_001.fastq,Good-lib3_S3_L001_R2_001.fastq,3,ACAGTG,4,NA,NA,eDNA,COI,GGWACWGGWTGAACWGTWTAYCCYCC,TANACYTCNGGRTGNCCRAARAAYCA,6,ACGACG,OA_eDNA,NA,NA,NA,NA,NA,NA,NA,NA,NA,NA,NA,NA,NA,0.6,NA
93,NA,LL20170312F.3,LL20170312F,Lilliwaup,Lib_E_Tag_14,14,Good-lib5_S5_L001_R1_001.fastq,Good-lib5_S5_L001_R2_001.fastq,5,CAGATC,4,NA,NA,eDNA,COI,GGWACWGGWTGAACWGTWTAYCCYCC,TANACYTCNGGRTGNCCRAARAAYCA,14,TCGTCA,OA_eDNA,NA,NA,NA,NA,NA,NA,NA,NA,NA,NA,NA,NA,NA,0.5,NA
94,NA,TW20170312D.3,TW20170312D,Twanoh,Lib_A_Tag_4,4,Good-lib1_S1_L001_R1_001.fastq,Good-lib1_S1_L001_R2_001.fastq,1,CGATGT,4,NA,NA,eDNA,COI,GGWACWGGWTGAACWGTWTAYCCYCC,TANACYTCNGGRTGNCCRAARAAYCA,4,GCGCTC,OA_eDNA,NA,NA,NA,NA,NA,NA,NA,NA,NA,NA,NA,NA,NA,0.5,NA
95,NA,TW20170312E.3,TW20170312E,Twanoh,Lib_B_Tag_9,9,Good-lib2_S2_L001_R1_001.fastq,Good-lib2_S2_L001_R2_001.fastq,2,TGACCA,4,NA,NA,eDNA,COI,GGWACWGGWTGAACWGTWTAYCCYCC,TANACYTCNGGRTGNCCRAARAAYCA,9,TCGCAT,OA_eDNA,NA,NA,NA,NA,NA,NA,NA,NA,NA,NA,NA,NA,NA,0.4,NA
96,NA,TW20170312F.3,TW20170312F,Twanoh,Lib_C_Tag_15,15,Good-lib3_S3_L001_R1_001.fastq,Good-lib3_S3_L001_R2_001.fastq,3,ACAGTG,4,NA,NA,eDNA,COI,GGWACWGGWTGAACWGTWTAYCCYCC,TANACYTCNGGRTGNCCRAARAAYCA,15,CGACGC,OA_eDNA,NA,NA,NA,NA,NA,NA,NA,NA,NA,NA,NA,NA,NA,0.6,NA
97,NA,Ostrich1,Ostric,Ostric,Lib_F_Tag_3,3,Good-lib6_S6_L001_R1_001.fastq,Good-lib6_S6_L001_R2_001.fastq,6,CTTGTA,4,NA,NA,Positive Ctrl,COI,GGWACWGGWTGAACWGTWTAYCCYCC,TANACYTCNGGRTGNCCRAARAAYCA,3,GTCTCT,OA_eDNA,NA,NA,NA,NA,NA,NA,NA,NA,NA,NA,NA,NA,NA,0.7,NA
98,NA,Ostrich2,Ostric,Ostric,Lib_A_Tag_11,11,Good-lib1_S1_L001_R1_001.fastq,Good-lib1_S1_L001_R2_001.fastq,1,CGATGT,4,NA,NA,Positive Ctrl,COI,GGWACWGGWTGAACWGTWTAYCCYCC,TANACYTCNGGRTGNCCRAARAAYCA,11,GCAGTG,OA_eDNA,NA,NA,NA,NA,NA,NA,NA,NA,NA,NA,NA,NA,NA,0.6,NA
99,NA,Ostrich3,Ostric,Ostric,Lib_E_Tag_2,2,Good-lib5_S5_L001_R1_001.fastq,Good-lib5_S5_L001_R2_001.fastq,5,CAGATC,4,NA,NA,Positive Ctrl,COI,GGWACWGGWTGAACWGTWTAYCCYCC,TANACYTCNGGRTGNCCRAARAAYCA,2,ACAGCA,OA_eDNA,NA,NA,NA,NA,NA,NA,NA,NA,NA,NA,NA,NA,NA,0.5,NA